filename,x1,y1,x2,y2,x3,y3,x4,y4
1.jpg,287,612,1431,712,1431,2512,287,2556
10.jpg,287,575,1543,537,1731,2562,287,2581
1001.jpg,14,505,3171,816,3063,2492,122,3244
1003.jpg,1914,621,4457,852,3807,2897,1372,1950
1004.jpg,1314,946,3381,881,3453,2225,1379,2290
1005.jpg,1141,823,3872,960,4544,2528,910,2615
1006.jpg,1257,679,4002,332,3915,2579,1257,2210
1008.jpg,1835,274,3330,411,3670,2897,1994,3070
1009.jpg,1387,187,3475,296,3374,3460,1495,3460
1010.jpg,1856,361,2983,657,2810,2427,1603,2254
1011.jpg,534,1459,3077,621,3908,1914,910,3128
1012.jpg,910,823,3966,895,4024,2853,794,2853
1013.jpg,1488,310,2803,245,3648,2189,2037,2579
1014.jpg,1343,368,2528,158,3186,1957,2080,2405
1015.jpg,1004,903,3525,794,3966,2268,910,2564
1016.jpg,1835,823,3186,823,3561,3099,1661,3135
1017.jpg,1372,960,4168,852,4168,2543,1668,2723
1018.jpg,2044,708,4342,1575,3836,3012,1546,2174
1019.jpg,1719,1090,2723,245,3937,2008,2875,2752
102.jpg,1437,287,3131,387,3256,1412,1237,1262
1020.jpg,1871,592,2926,1286,2131,3244,910,2926
1021.jpg,2167,447,3677,895,3128,3330,1546,2998
1022.jpg,1307,1054,3735,1416,3937,2817,505,1943
1023.jpg,881,852,2991,14,3475,1329,1437,2174
1025.jpg,1372,585,2817,390,3417,2622,2124,3272
1026.jpg,2015,43,4197,1741,3287,3128,852,2131
1027.jpg,2897,390,3966,1307,2470,3265,1257,2174
1028.jpg,1748,1119,2622,332,3735,1827,2824,2514
103.jpg,1062,875,2981,643,2981,643,1781,1675
1030.jpg,1257,989,2398,592,3706,2326,2731,3186
1031.jpg,1365,447,3272,541,3135,3229,1459,3265
1032.jpg,1835,375,2955,158,3980,2023,2918,2637
1033.jpg,2470,563,3619,686,3995,2326,2413,2232
1034.jpg,2153,534,4038,1423,3605,2666,1603,1719
1035.jpg,2001,736,3359,997,3121,3330,1459,2991
1036.jpg,1799,534,3272,1170,3034,2088,1488,1712
1038.jpg,419,867,1654,476,2521,2138,1047,2839
1039.jpg,910,1401,1676,765,2839,1936,1921,2723
1040.jpg,1213,823,3330,700,3265,2232,1141,2116
1041.jpg,1054,1538,2550,1343,2658,2723,1134,2579
1042.jpg,1777,1221,3439,332,4024,1343,2369,2304
1043.jpg,1950,895,3829,650,3908,1799,2102,2059
1044.jpg,1546,1011,3619,852,3908,2138,1726,2463
1045.jpg,2088,592,3561,823,3063,3316,1083,2745
1046.jpg,2015,578,3504,274,3446,3460,1921,3070
1047.jpg,1885,1589,3720,1228,3691,2572,1488,2622
1048.jpg,2413,1900,4226,1170,4060,2694,1979,2983
1049.jpg,2246,708,4573,1430,3453,3460,1719,1994
1050.jpg,2485,997,3822,2138,3822,2138,2694,3186
1051.jpg,1387,1228,3764,1538,3417,2752,1228,2723
1052.jpg,1538,1632,3482,708,3850,2442,1401,2926
1053.jpg,1148,1314,2955,1726,2666,2810,997,2398
1054.jpg,2319,823,3619,2109,3619,2109,2413,2926
1056.jpg,1488,1835,4139,1596,4139,1596,1849,3012
1058.jpg,1083,946,4450,1625,4450,1625,2868,3012
106.jpg,1437,856,2787,312,3331,1056,1900,1793
1061.jpg,729,816,3547,447,4371,1914,158,2687
1062.jpg,2528,101,3706,1098,2088,3388,708,2312
1063.jpg,729,563,3908,1184,3749,3070,361,2846
1066.jpg,339,1242,3374,592,4226,2239,14,3157
1069.jpg,1748,1090,2731,303,3619,2673,2167,3186
107.jpg,1087,12,2450,12,2631,762,1150,881
1071.jpg,787,650,3533,1654,2947,3280,216,2420
1072.jpg,910,1567,3511,592,4111,2218,1560,3301
1073.jpg,2116,1676,3915,592,4197,2535,1921,2983
1074.jpg,953,1640,3417,1228,4053,2348,476,3012
1075.jpg,1502,1423,3785,101,4400,2254,1401,2911
1076.jpg,1654,794,3966,989,3020,3417,1112,2160
1078.jpg,1835,1307,3966,1119,3757,3244,1603,2644
1079.jpg,1813,130,3706,1900,2579,3063,765,1329
108.jpg,1918,12,2981,362,2512,1793,1137,1287
1080.jpg,2015,650,4342,1365,3171,3417,1430,2001
1081.jpg,2131,274,4255,1524,2767,3359,2767,3359
1082.jpg,1112,1567,3612,968,4002,2586,534,3012
1083.jpg,1300,1770,3272,1228,3677,2449,1083,3012
1084.jpg,2543,852,2543,852,3706,2810,2673,3446
1085.jpg,1907,592,3908,2030,2586,3410,2586,3410
1086.jpg,1799,1892,3612,823,3879,2124,1459,3070
1087.jpg,765,1307,2983,361,3619,1784,982,2752
1088.jpg,1575,1820,3525,765,4486,1813,1575,3099
1089.jpg,823,1661,3345,563,4082,2044,1603,3330
1090.jpg,1358,505,3099,505,2976,3359,1394,3294
1091.jpg,1235,1885,3374,1083,3879,2268,852,3157
1092.jpg,3106,130,3106,130,3937,2355,2586,2983
1093.jpg,1748,14,3879,1986,2694,3359,534,1336
1094.jpg,968,1040,3453,708,3691,2153,1365,2752
1095.jpg,447,505,3352,657,3879,2355,657,3186
1096.jpg,1430,874,2861,361,3590,2514,2319,3070
1097.jpg,1502,621,3504,1676,2796,2926,736,1842
1098.jpg,390,1524,3121,621,3822,2210,953,3417
1099.jpg,1481,1719,3655,1257,3793,2557,910,2861
11.jpg,862,800,2781,731,2331,1506,862,800
110.jpg,787,775,2643,512,2862,1743,787,1793
1101.jpg,1625,245,3561,1921,2449,3085,2449,3085
1102.jpg,1286,968,3952,1654,3359,3041,997,2637
1104.jpg,1950,1842,3648,736,3952,2550,1777,3186
1105.jpg,1813,332,1813,332,3590,2275,2333,3316
1106.jpg,2138,245,3735,1379,1957,3272,1957,3272
1107.jpg,1546,1336,3540,534,3847,2099,1401,2601
1108.jpg,1437,563,3735,1199,3056,3099,1199,1972
1109.jpg,823,1697,3431,679,4284,2348,1098,3446
1110.jpg,1199,498,2926,216,3460,3063,1524,3388
1111.jpg,1199,809,2759,216,3735,2767,2116,3323
1113.jpg,1488,773,3020,419,3822,2911,2109,3395
1114.jpg,2116,1271,3995,621,3648,3186,1806,2629
1115.jpg,1300,1264,3988,390,4544,2644,1141,2969
1117.jpg,1538,216,4111,1343,3395,2788,881,1762
112.jpg,1568,112,2531,300,2125,1793,1087,1581
1120.jpg,1314,1401,3800,158,4544,2586,1603,3027
1122.jpg,447,2008,3359,1654,3359,1654,1394,3359
1123.jpg,1278,1025,3764,1567,3923,3207,447,2348
1124.jpg,1054,1430,3417,2268,3417,2268,2239,3070
1125.jpg,1842,1466,4024,621,3460,3417,1228,2918
1127.jpg,2694,476,4226,1690,3258,3157,3258,3157
1128.jpg,1307,158,2868,801,2030,3005,505,3113
1129.jpg,650,1170,4139,2109,4139,2109,2478,3460
113.jpg,1356,362,2956,481,2893,1506,1162,1318
1130.jpg,1567,1589,3908,563,4573,2153,1257,3041
1131.jpg,1343,679,2817,43,4082,2470,2362,3272
1132.jpg,1892,1083,3952,621,3670,2983,1632,2420
1133.jpg,910,1329,3785,1286,3800,3048,1054,3186
1134.jpg,1408,1871,3410,1112,3908,2449,1257,3186
1136.jpg,1755,1004,3056,939,3424,3092,1459,3157
1138.jpg,708,476,3952,888,4053,2752,708,3012
1139.jpg,765,498,3446,657,3793,2210,1141,2983
114.jpg,1562,312,2418,87,2906,1443,1893,1731
1140.jpg,390,1481,3258,0,4342,1567,1343,3374
1141.jpg,1372,1510,3626,1257,4053,2369,881,2666
1144.jpg,1575,823,3793,917,3504,3128,1683,2174
1145.jpg,2218,621,4024,2001,2608,3417,2608,3417
1146.jpg,1192,1596,3251,1083,3937,2088,1083,2890
1147.jpg,1553,1365,3937,997,4515,2080,1170,2521
1148.jpg,1567,794,4053,1445,3309,3417,1228,2203
1149.jpg,2059,303,3475,903,2853,3301,1025,2629
1150.jpg,563,1105,1784,0,3475,2391,2160,3070
1151.jpg,1748,505,3850,1914,2853,3323,765,1625
1152.jpg,1134,1827,3207,1112,4024,1943,1213,3056
1153.jpg,2138,765,4342,852,3605,2897,1690,2015
1154.jpg,1459,1127,2557,621,3301,2868,1972,3215
1155.jpg,1293,1683,3590,1054,3858,2897,910,3157
1157.jpg,621,1423,3569,968,3850,2803,903,3164
1158.jpg,1770,1025,3533,534,3424,2080,1546,2167
1159.jpg,1957,1473,3879,1286,3626,2492,1314,2340
116.jpg,1287,843,2618,387,2981,1162,1600,1731
1160.jpg,2998,534,2998,534,4313,2080,2759,3330
1161.jpg,2608,765,2608,765,3966,2348,2890,3092
1162.jpg,1372,1734,3272,447,4139,2261,1697,3186
1163.jpg,1401,1336,3598,332,4226,1943,1632,2702
1164.jpg,1488,101,3388,202,3446,3215,1567,3388
1165.jpg,939,2037,3027,794,3822,2037,1734,3417
1166.jpg,2023,332,4515,1813,3446,3330,1228,1806
1167.jpg,2153,419,4544,1394,3113,3446,1314,1697
1168.jpg,2232,303,3822,751,3092,3301,1546,2875
1170.jpg,1372,1625,3626,736,4161,2543,1546,3070
1171.jpg,2268,390,3966,1719,2586,3258,2586,3258
1172.jpg,939,1705,3294,505,4082,2102,1553,3186
1173.jpg,1271,1307,3706,1141,3699,3099,1199,2788
1174.jpg,2507,390,2507,390,3533,1618,1502,3287
1175.jpg,910,1618,2731,72,3793,1806,1481,3041
1176.jpg,2333,534,3475,895,2109,3113,1257,2355
1177.jpg,527,715,3337,650,4024,2066,130,2622
1178.jpg,1170,1408,3186,534,3735,2088,1459,2738
1179.jpg,1257,2037,2788,881,3619,2008,1806,3171
118.jpg,1625,237,2381,637,1587,1793,912,1368
1180.jpg,1661,708,2904,419,3179,2694,1871,2810
1181.jpg,1206,1177,3475,1025,3316,3070,939,2629
1182.jpg,1025,1546,3135,534,3771,2160,1336,2955
1183.jpg,736,1762,2991,216,4053,1459,1813,3272
1184.jpg,881,1647,2969,390,3822,1755,1510,3070
1185.jpg,1199,1372,2947,476,3504,1755,1495,2579
1186.jpg,1105,534,3937,1228,3359,2752,823,2398
1187.jpg,794,1098,1986,158,3590,2116,2268,3157
1188.jpg,1719,736,4053,1379,3496,2897,1343,2044
1189.jpg,1510,361,3359,1820,2369,2976,765,1495
1190.jpg,1141,1452,3200,650,3735,2095,1473,2810
1191.jpg,1090,1025,2824,1827,2283,3056,708,2109
1192.jpg,708,982,1994,505,3099,2550,1625,3330
1193.jpg,823,664,2275,274,2868,2738,1336,3099
1195.jpg,888,592,3561,1112,3085,2955,563,2174
1196.jpg,1343,426,2846,216,2911,2926,1430,2824
1197.jpg,1047,1820,3200,1228,3424,2499,476,3034
1198.jpg,2232,158,3446,1163,1741,3092,1741,3092
1199.jpg,1517,1625,3287,1401,3439,2528,1632,2752
12.jpg,887,956,2681,543,2681,543,887,956
120.jpg,1550,587,3131,725,3075,1756,1387,1531
1201.jpg,1054,1806,2933,852,3561,2080,1603,2962
1202.jpg,1618,274,3850,1575,2976,2955,881,1618
1203.jpg,1076,274,4024,1112,3135,3301,476,1972
1205.jpg,1668,245,4053,1936,2875,3323,881,1640
1206.jpg,187,274,3337,903,3446,2629,180,3280
1207.jpg,1278,187,3735,1589,2507,3388,621,1668
1208.jpg,505,1459,3142,274,3879,2145,1127,3063
1209.jpg,1618,476,3995,2095,2940,3359,910,1864
1210.jpg,1242,325,3027,158,3048,3301,1278,3106
1211.jpg,592,1452,3366,476,3937,2391,1170,3056
1212.jpg,1343,1372,3764,303,4313,2304,1343,2868
1213.jpg,1163,14,4082,1423,2991,3128,679,1690
1214.jpg,852,1567,3265,361,4168,1907,989,3215
1215.jpg,534,773,3836,765,4197,2767,628,3186
1216.jpg,1625,245,3287,245,3337,3128,1575,3106
1217.jpg,447,1560,3128,447,3850,2218,1054,3244
1218.jpg,1553,130,3590,1936,2442,3186,505,1430
1219.jpg,1979,101,4400,2088,3164,3446,910,1683
1220.jpg,1900,361,1900,361,3417,2218,2210,3157
1222.jpg,1459,505,3135,390,3330,3092,1719,3244
1223.jpg,1372,1105,4002,419,4544,2145,1603,2723
1224.jpg,1083,1445,3309,852,3879,2160,1322,2926
1225.jpg,881,1018,2008,101,3417,2030,2124,2817
1226.jpg,14,787,4508,390,4197,2629,664,3179
1227.jpg,1083,476,2709,72,3128,3085,1473,3135
1228.jpg,997,1163,3287,939,3294,2810,1119,2514
1229.jpg,1408,881,3865,881,3728,2752,1257,2377
123.jpg,1493,512,3081,731,3081,1725,1262,1468
1230.jpg,1365,390,3735,1654,2666,3330,621,1770
1231.jpg,794,838,3648,794,3504,2181,1098,2637
1232.jpg,881,1538,3121,592,3742,1936,1452,2955
1233.jpg,679,1510,3128,592,3720,2030,1336,3128
1234.jpg,1748,1134,3814,447,4024,2926,1748,2521
1236.jpg,997,1170,3540,1249,3446,2673,1119,2868
1237.jpg,1936,14,3475,867,2297,3388,621,2796
1238.jpg,621,1791,2976,534,3822,2073,1307,3309
1243.jpg,1098,1741,3511,765,4255,2442,852,3381
1245.jpg,1921,1293,3077,1170,3171,3330,2001,3171
1247.jpg,823,1090,3511,592,3684,2702,823,2658
1248.jpg,1336,447,3822,1632,2817,3359,708,1878
1249.jpg,1228,910,2492,101,3475,3077,1820,3417
125.jpg,2187,237,2981,418,2731,1600,1837,1350
1250.jpg,216,838,3381,679,3937,2413,317,3099
1251.jpg,1647,852,3822,1481,3171,3099,1228,2124
1252.jpg,2160,592,3764,736,3460,3186,1950,2991
1253.jpg,1394,679,3793,1632,3027,3301,794,2030
1254.jpg,765,1538,3388,361,4139,2059,1408,3135
1255.jpg,1900,447,3460,447,3431,3099,1835,3020
1256.jpg,946,534,3590,1748,2745,3417,361,2109
1257.jpg,1538,419,3388,498,3200,3417,1459,3287
1258.jpg,1799,130,3301,498,3294,3020,1748,3207
1259.jpg,2181,491,3850,216,3713,3222,2037,2969
1260.jpg,679,1806,3077,361,4082,2102,838,3460
1261.jpg,736,1365,3887,419,4544,2644,1127,3330
1263.jpg,592,1430,3142,216,3937,2080,1148,3048
1264.jpg,1481,216,3244,744,2348,3417,708,2918
1266.jpg,852,1755,3244,592,4053,2174,1452,3287
1267.jpg,736,1878,3012,563,3908,2138,1423,3417
1268.jpg,476,1307,3200,1112,3244,3070,563,2926
1269.jpg,1112,1192,2319,447,3793,2326,2037,3410
1270.jpg,1575,1394,3598,910,3547,3359,1401,2832
1271.jpg,1170,1488,3453,794,3995,2189,1242,2868
1272.jpg,823,867,4002,187,4313,2673,989,2723
1273.jpg,534,1437,3265,476,3937,2189,1119,3186
1274.jpg,1163,101,3742,1119,3077,2434,679,1994
1275.jpg,332,541,3309,671,3272,2283,570,2752
1276.jpg,1184,1235,3771,361,4067,2405,708,2810
1277.jpg,1567,187,3099,679,2470,3041,939,2543
1278.jpg,1495,361,3533,1719,2456,3128,708,1582
1279.jpg,1394,245,3186,296,2926,3215,1257,2983
128.jpg,2112,412,2931,456,2781,1731,2037,1687
1280.jpg,968,1589,2738,534,3417,1871,1466,2810
1281.jpg,2239,101,2239,101,3533,1806,1163,3460
1282.jpg,1596,187,3417,664,2651,3446,910,3070
1283.jpg,130,1668,3099,72,4082,1856,1083,3410
1284.jpg,765,1589,3135,274,4024,1719,1567,3157
1285.jpg,1510,130,3850,1907,2557,3410,505,1488
1286.jpg,736,765,3706,693,3554,2955,534,2557
1287.jpg,1358,187,3648,1871,2601,3460,130,1481
1288.jpg,635,476,3417,924,2868,3215,447,2116
1289.jpg,592,946,2023,187,3590,2261,1799,3388
129.jpg,1112,412,2568,493,2631,1381,887,1243
1290.jpg,1712,101,3272,874,2196,3359,606,2940
1291.jpg,1170,1054,3793,130,4111,2564,1170,2601
1292.jpg,1762,390,3995,1885,2868,3330,765,1589
1293.jpg,968,1690,3446,823,4082,2535,679,3287
1294.jpg,679,1300,3229,390,3822,2124,1112,2897
1295.jpg,1719,1170,3937,823,3757,3359,1603,2629
1296.jpg,476,1647,2644,592,3309,2254,1018,3099
1297.jpg,541,390,3735,765,3063,2326,534,2723
1299.jpg,1192,158,3619,1184,2673,2976,736,1632
13.jpg,912,593,2456,387,2931,1012,1206,1556
1300.jpg,72,982,3446,852,2868,2239,354,2759
1304.jpg,1387,587,2843,287,2918,1443,1431,1468
1305.jpg,1387,12,2618,12,2656,1793,1387,1793
1307.jpg,1487,137,2468,37,2506,1693,1537,1656
1312.jpg,1137,75,2043,12,2081,1706,1137,1631
1314.jpg,787,62,2718,62,2612,1106,993,1181
1317.jpg,1531,137,2325,337,1943,1793,1287,1481
1318.jpg,812,993,2531,756,2531,756,1381,1731
132.jpg,2081,237,3437,968,3087,1793,1637,1000
1320.jpg,812,725,2756,925,2156,1656,812,725
1323.jpg,962,1200,2681,793,2681,793,962,1200
1324.jpg,712,1206,2468,606,1675,1706,712,1206
1327.jpg,837,693,2631,287,3150,1106,981,1793
1328.jpg,1300,237,2262,237,2531,1612,1087,1718
1329.jpg,1337,162,2756,800,2237,1700,737,875
1334.jpg,1262,12,2256,118,2212,1506,1237,1656
1336.jpg,1437,187,2181,281,2175,1518,1437,1606
1337.jpg,1387,393,2800,312,2781,1381,1387,1243
1338.jpg,1287,12,2243,12,2250,1793,1287,1668
1341.jpg,1050,462,2656,462,2793,1362,906,1431
1342.jpg,1675,237,2531,537,1650,1781,687,1243
1345.jpg,887,1000,2818,687,2818,687,1581,1793
1346.jpg,787,1168,2706,637,1618,1793,787,1168
1347.jpg,968,412,2612,412,2712,1406,837,1456
1348.jpg,987,568,2437,162,2781,1000,1393,1587
1349.jpg,962,975,2981,862,2981,862,1525,1731
1351.jpg,1112,12,2306,12,2381,1793,1112,1793
1355.jpg,1312,381,2175,287,2556,1475,1468,1681
1357.jpg,1950,62,2831,62,2568,1793,1762,1543
1359.jpg,687,237,2900,237,2850,1475,881,1631
136.jpg,1731,137,3231,550,3068,1506,1462,1062
1361.jpg,1381,12,2406,137,1893,1793,887,1675
1363.jpg,1462,500,2318,62,3175,1162,2081,1793
1364.jpg,1437,62,2781,737,2237,1756,1137,931
1367.jpg,1487,475,2950,262,2968,1531,1487,1375
1371.jpg,612,268,2850,112,2981,1462,793,1606
1376.jpg,837,893,2068,12,2631,781,1343,1700
1377.jpg,1343,12,2387,12,2362,1793,1237,1737
1379.jpg,1012,756,2212,12,2656,931,1306,1625
1380.jpg,1412,175,2337,12,2568,1668,1606,1725
1384.jpg,1518,12,2631,162,2218,1793,1162,1656
1386.jpg,1387,12,2981,843,2443,1793,937,956
1387.jpg,1556,387,2337,387,2375,1793,1462,1793
139.jpg,1506,637,3106,800,3106,1793,1387,1643
1392.jpg,1162,562,2712,87,2968,1237,1350,1581
1393.jpg,1350,237,2706,750,2306,1781,1112,1100
1394.jpg,1562,87,2837,806,2212,1700,1087,750
1396.jpg,962,800,2518,87,3031,1056,1275,1793
1397.jpg,1162,12,2181,12,2131,1756,1162,1631
1398.jpg,1287,12,2212,112,2281,1625,1337,1793
1399.jpg,1025,362,2687,362,2787,1400,912,1450
14.jpg,1650,212,2956,987,2312,1781,1062,806
1400.jpg,318,262,2387,262,2456,1575,212,1618
1401.jpg,831,587,2600,512,2806,1562,706,1681
1402.jpg,1150,112,2781,768,2318,1793,487,837
1403.jpg,731,312,2531,362,2662,1481,637,1437
1405.jpg,812,706,2487,287,2956,1087,1081,1781
141.jpg,1356,262,2731,668,2387,1531,937,968
1410.jpg,1362,431,3000,112,3125,1293,1431,1456
1411.jpg,1656,87,2581,1006,2000,1606,2000,1606
1412.jpg,906,512,2606,512,2768,1500,787,1631
1413.jpg,1112,681,2387,12,2781,1006,1368,1581
1415.jpg,1037,250,2025,12,2631,1418,1487,1793
1416.jpg,937,581,2581,918,2581,918,1900,1556
1417.jpg,1006,312,2612,312,2737,1287,881,1331
142.jpg,1100,387,2637,475,2756,1356,887,1262
1421.jpg,962,950,2618,850,2618,850,1443,1656
1423.jpg,862,287,2562,287,2506,1218,1006,1300
1427.jpg,1243,12,2581,731,2068,1631,887,831
1428.jpg,1818,12,1818,12,2137,1681,2137,1681
1429.jpg,1087,868,1831,137,2225,756,1400,1500
143.jpg,1262,500,2843,437,3156,1312,1381,1581
1430.jpg,1212,412,2381,468,2381,1106,1212,1206
1432.jpg,1287,137,2281,12,2656,1512,1506,1793
1433.jpg,12,62,1150,62,1056,1525,12,1137
1434.jpg,2075,62,2075,62,1762,1643,1762,1643
1437.jpg,2043,237,2043,237,2481,781,1662,1575
1444.jpg,1587,250,2412,12,2656,1562,1750,1706
1445.jpg,937,487,2562,487,2731,1381,787,1506
1446.jpg,831,356,2725,287,2906,1406,737,1531
1447.jpg,1406,287,2300,287,2481,1587,1287,1643
1449.jpg,787,318,2768,381,2787,1425,825,1631
1450.jpg,1012,775,2325,137,2662,1056,1212,1637
1451.jpg,1112,300,2556,162,2562,1237,1112,1187
1455.jpg,1537,137,2406,12,2350,1650,1537,1562
1457.jpg,1462,212,2381,212,2456,1668,1518,1687
1459.jpg,712,337,2512,162,2481,1656,712,1481
146.jpg,1825,387,3068,975,2843,1756,1462,1050
1460.jpg,812,231,2662,162,2781,1343,812,1406
1462.jpg,912,337,2531,831,2806,1793,687,1437
1463.jpg,912,162,2537,537,2712,1581,812,1606
1464.jpg,1512,12,2237,225,2206,1581,1512,1662
1465.jpg,1518,237,2456,337,2250,1731,1037,1525
1469.jpg,1337,693,2462,112,2781,1081,1531,1531
147.jpg,2050,312,2812,531,2793,1781,1887,1587
1470.jpg,1587,62,2806,900,2187,1731,1187,825
1471.jpg,1287,531,2725,62,2956,1218,1427,1459
1472.jpg,1981,87,2781,487,2193,1631,1387,1356
1473.jpg,1187,12,2262,12,2306,1793,1187,1743
1474.jpg,1031,412,2631,656,2543,1531,637,1143
1475.jpg,1387,87,2437,87,2706,1668,1187,1731
1476.jpg,1193,87,2250,87,2418,1718,962,1762
1477.jpg,787,750,2462,237,3056,925,1150,1781
1478.jpg,906,531,2668,437,2831,1487,837,1631
1480.jpg,1237,712,2518,62,2906,1056,1481,1593
1481.jpg,1112,118,2037,12,2068,1781,1112,1631
1484.jpg,912,425,2675,362,2812,1481,737,1581
1485.jpg,1762,87,2656,425,1906,1793,887,1275
1489.jpg,887,137,2556,412,2556,1375,912,1556
149.jpg,1800,162,3081,943,2693,1756,1287,837
1490.jpg,537,218,2937,137,3006,1543,656,1706
1492.jpg,1750,12,2706,231,2100,1750,1337,1368
1493.jpg,1487,87,2412,12,2412,1706,1487,1593
1494.jpg,1162,262,2881,643,2612,1731,637,1043
1496.jpg,1337,237,2300,237,2581,1637,1037,1681
1497.jpg,668,287,2806,437,2743,1687,587,1543
1498.jpg,562,993,2756,706,2756,706,1268,1793
1499.jpg,887,662,2443,262,2931,868,1175,1606
15.jpg,962,518,2662,312,3043,1112,1075,1556
1500.jpg,837,668,2443,187,3031,831,1231,1681
1501.jpg,1137,212,1987,212,1968,1593,1137,1587
1502.jpg,1393,187,2237,231,2181,1606,1337,1562
1503.jpg,1212,12,2112,237,2075,1612,1212,1725
1504.jpg,1462,37,2256,268,2531,1606,1556,1612
1505.jpg,1650,62,2906,1006,2262,1775,1212,843
1506.jpg,1612,112,2481,400,1937,1781,1137,1437
1507.jpg,1512,362,2881,593,2662,1606,1362,1193
1509.jpg,1162,762,2500,237,2812,1106,1475,1581
1510.jpg,2118,162,3131,1106,2568,1793,2568,1793
1511.jpg,1625,137,2856,887,2318,1775,1312,962
1512.jpg,1562,212,2437,112,2481,1556,1562,1575
1514.jpg,1331,87,2762,706,2268,1706,812,912
1516.jpg,787,462,2756,650,2700,1793,587,1725
1517.jpg,1312,168,2200,112,2506,1531,1581,1725
1520.jpg,912,625,2468,87,2843,981,1250,1656
1524.jpg,831,381,2550,262,2531,1275,437,1331
1526.jpg,425,437,2481,800,2306,1793,287,1706
1527.jpg,462,306,2637,262,2662,1593,537,1662
1528.jpg,837,868,2106,87,2593,881,1306,1700
1530.jpg,687,150,2906,162,2818,1581,687,1500
1531.jpg,1118,62,2787,656,2625,1706,762,1218
1532.jpg,906,137,2231,168,2268,1012,862,1000
1533.jpg,662,637,2531,825,1793,1625,662,637
1534.jpg,1337,850,2568,187,3118,787,1837,1643
1535.jpg,1087,506,2681,556,2612,1506,1087,1437
1537.jpg,1025,262,2668,262,2675,1325,962,1343
154.jpg,1262,512,2887,631,3037,1681,1112,1556
1541.jpg,1187,87,2112,87,2156,1525,1225,1531
1542.jpg,187,50,3162,12,3250,1793,225,1793
1543.jpg,1137,662,1981,662,2031,1162,1137,1218
1544.jpg,487,62,2481,300,2525,1493,562,1793
1545.jpg,1337,87,2581,375,2231,1556,1087,975
1546.jpg,1062,387,2625,350,2906,1081,1087,1281
1547.jpg,1312,62,2981,643,2537,1756,812,993
1549.jpg,837,443,2612,412,2706,1481,837,1606
1550.jpg,1337,187,2250,137,2506,1575,1550,1756
1551.jpg,212,12,3500,12,3437,1793,356,1793
1552.jpg,1775,237,3012,468,2925,1281,1662,1118
1553.jpg,831,362,2750,425,2987,1618,562,1618
1555.jpg,1637,62,2581,368,2081,1793,887,1343
1556.jpg,762,393,2631,337,2756,1537,818,1631
1558.jpg,1581,12,2631,237,2100,1556,1237,1462
1560.jpg,562,450,1356,87,1956,1412,1175,1775
1562.jpg,1600,0,2756,56,2412,1781,1362,1587
1563.jpg,1587,287,2593,37,3081,1518,1643,1793
1564.jpg,1262,550,3287,262,3181,1318,1462,1593
1566.jpg,1162,12,2137,81,2150,1625,1162,1718
1567.jpg,437,893,1806,12,2325,737,1168,1775
1568.jpg,1062,93,2056,75,2231,1587,1231,1731
1570.jpg,712,256,3062,250,3156,1706,793,1781
1571.jpg,612,168,2512,87,2681,1175,931,1743
1572.jpg,437,231,2937,137,3056,1643,475,1781
1574.jpg,987,337,3137,87,3706,1112,1225,1781
1575.jpg,1612,362,3175,237,3231,1137,1731,1331
1576.jpg,987,531,2718,112,2931,1462,1093,1631
1577.jpg,1668,87,2581,181,2275,1731,1437,1500
1578.jpg,1687,412,2337,162,2731,1218,2093,1481
1579.jpg,600,12,3006,75,3106,1581,606,1656
158.jpg,1900,287,2787,287,2943,1793,1837,1737
1583.jpg,1706,12,3356,718,2868,1731,1312,1037
1585.jpg,787,100,2212,12,2681,1793,1187,1793
1588.jpg,562,156,2956,87,3031,1587,562,1612
1590.jpg,1368,187,2731,881,2300,1743,887,993
1591.jpg,1606,187,2425,387,2093,1706,1262,1487
1592.jpg,1262,181,2287,12,2981,1462,1593,1793
1593.jpg,562,181,2762,112,2612,1300,731,1781
1594.jpg,1350,237,2400,237,2756,1693,1112,1731
1596.jpg,1743,62,3156,918,2687,1793,1187,875
1597.jpg,1193,12,3362,381,3287,1793,987,1512
16.jpg,1093,212,2906,781,2525,1756,812,1375
160.jpg,1512,275,2587,87,3156,1793,1768,1793
1600.jpg,637,331,2781,318,3106,1581,412,1693
1601.jpg,1118,337,2706,237,2756,1250,987,1256
1604.jpg,1037,1068,2700,831,2700,831,1612,1781
1606.jpg,1168,412,2637,837,2306,1793,662,1168
1607.jpg,606,112,2506,318,2587,1418,693,1531
1609.jpg,1762,237,2581,518,1943,1731,987,1293
161.jpg,2012,150,3050,112,3425,1793,2143,1793
1610.jpg,1093,312,2756,406,2856,1456,937,1443
1611.jpg,1018,287,2781,287,2856,1437,912,1468
1612.jpg,950,112,2706,725,2337,1793,662,1225
1613.jpg,956,487,2606,487,2731,1550,812,1587
1615.jpg,1381,312,2193,312,2306,1625,1262,1668
1617.jpg,1450,87,2481,850,2237,1606,1037,893
1618.jpg,812,287,2406,287,2531,1187,1018,1443
1619.jpg,1150,162,2556,606,2312,1481,962,1118
1620.jpg,712,650,2850,875,2150,1756,712,650
1622.jpg,987,487,2537,487,2606,1412,862,1425
1623.jpg,812,825,2000,112,2431,812,1462,1756
1624.jpg,931,662,2412,662,2556,1412,762,1468
1625.jpg,1306,237,2550,875,2062,1668,787,900
1626.jpg,2118,62,2118,62,1918,1731,1237,1068
1627.jpg,687,687,2243,112,2656,1012,1043,1706
1629.jpg,837,906,2143,187,2712,756,1400,1731
1630.jpg,637,262,2456,375,2681,1456,637,1612
1631.jpg,806,37,2606,675,2312,1731,462,1125
1632.jpg,1062,87,1993,87,2206,1518,1306,1793
1633.jpg,862,1050,2718,537,1681,1793,862,1050
1634.jpg,862,912,2825,631,2825,631,1556,1756
1635.jpg,731,431,2475,337,2631,1368,612,1506
1636.jpg,887,412,2481,412,2581,1387,812,1450
1637.jpg,712,700,2406,162,2956,968,1050,1781
1638.jpg,862,487,2487,487,2856,1268,968,1475
164.jpg,1712,162,2731,112,3031,1793,1712,1793
1640.jpg,837,406,2668,362,2818,1462,681,1556
1641.jpg,1506,37,2581,37,2500,1793,1462,1725
1642.jpg,1287,993,2418,37,3056,750,1856,1793
1643.jpg,1062,606,2456,187,2906,881,1356,1462
1645.jpg,2000,112,2956,587,2181,1781,1412,1406
1646.jpg,1137,681,2525,12,2956,912,1550,1581
1647.jpg,1693,112,2681,150,2581,1681,1662,1606
1648.jpg,1943,237,2806,587,2243,1731,1512,1462
1649.jpg,687,325,2600,287,2618,1531,687,1531
165.jpg,1412,643,3375,1025,2712,1793,1412,643
1650.jpg,1087,312,2925,312,2981,1518,1012,1493
1651.jpg,637,268,2875,162,2931,1475,781,1650
1653.jpg,1000,112,2706,575,2487,1631,612,1150
1654.jpg,931,343,2937,237,2962,1706,812,1612
1655.jpg,1656,12,2631,187,2218,1793,1287,1525
1660.jpg,1031,237,3256,131,3206,1756,962,1481
1662.jpg,1562,381,2456,12,3131,1587,2050,1793
1663.jpg,1568,12,2606,12,2556,1756,1537,1668
1664.jpg,1787,12,2956,12,2862,1793,1787,1725
1666.jpg,862,656,2818,12,3281,1281,1068,1793
1670.jpg,1387,143,2168,12,2162,1793,1387,1656
1671.jpg,1450,12,2243,12,2250,1793,1362,1687
1672.jpg,937,318,3118,287,3181,1537,1012,1706
1673.jpg,1062,606,2981,37,3309,1216,1400,1793
1674.jpg,537,293,2612,262,2706,1456,612,1637
1675.jpg,712,112,3150,62,3100,1481,868,1581
1680.jpg,962,406,3118,37,3331,1462,1150,1662
1681.jpg,1137,287,3393,37,3431,1631,1237,1556
1682.jpg,1437,68,2512,12,2606,1793,1537,1743
1686.jpg,412,143,3356,12,3300,1793,412,1756
1687.jpg,1262,337,2756,387,2643,1706,1262,1300
1688.jpg,1237,750,2818,12,3306,1187,1512,1793
1689.jpg,1456,87,2931,881,2450,1706,1212,918
1690.jpg,1231,275,2656,187,2481,1706,1137,1300
1692.jpg,1112,406,2918,112,3062,1368,1112,1500
1693.jpg,1237,893,2656,37,3243,831,1531,1793
1694.jpg,1737,181,2687,12,2906,1737,1956,1706
1695.jpg,1075,262,3012,262,3131,1593,812,1431
1696.jpg,750,225,2812,137,2893,1518,612,1537
1697.jpg,1950,12,2856,418,2106,1793,1337,1350
1700.jpg,1612,12,2706,93,2612,1693,1612,1712
1701.jpg,1712,12,2631,112,2681,1718,1737,1793
1702.jpg,1062,12,3131,481,2931,1756,787,1387
1703.jpg,2093,12,3231,75,2887,1793,1862,1612
1705.jpg,837,437,2837,437,3081,1643,587,1706
1707.jpg,1412,75,2406,12,2362,1793,1412,1687
1708.jpg,1062,275,3187,62,3131,1781,1062,1512
1709.jpg,1168,237,3312,112,3231,1793,1112,1450
1711.jpg,1443,62,3581,387,3212,1793,1312,1206
1713.jpg,1181,212,3181,550,2906,1793,1137,1312
1714.jpg,912,718,2456,62,2906,981,1343,1731
1715.jpg,1037,287,3012,287,3025,1606,1037,1512
1716.jpg,1231,87,3281,675,2881,1793,987,1237
1717.jpg,1012,237,3481,62,3468,1637,1143,1612
1718.jpg,1781,87,3318,1012,2768,1793,1362,1000
1719.jpg,800,143,3112,37,3300,1525,637,1631
1720.jpg,987,187,3531,312,3287,1581,1175,1462
1722.jpg,1037,206,3525,162,3312,1437,1331,1312
1723.jpg,1212,750,2843,12,3331,1212,1481,1793
1724.jpg,162,87,2181,175,2062,1681,262,1318
1725.jpg,1437,368,3706,37,3856,1506,1606,1600
1726.jpg,1781,12,2918,12,2831,1793,1687,1706
1728.jpg,1425,12,3406,587,2956,1793,1212,1050
1730.jpg,1631,12,2856,87,2525,1793,1312,1712
1731.jpg,787,87,2631,218,2631,1287,900,1581
1732.jpg,1512,112,3597,234,3400,1756,1512,1218
1734.jpg,1562,62,2431,62,2287,1793,1512,1562
1735.jpg,1262,768,2718,12,3212,962,1550,1781
1737.jpg,837,206,3406,37,3412,1793,931,1650
1741.jpg,1656,137,2381,487,1781,1706,1187,1306
1743.jpg,1243,12,2425,12,2468,1793,1012,1793
1745.jpg,693,237,2662,381,2856,1562,612,1587
1746.jpg,756,312,2818,312,3156,1550,450,1656
1748.jpg,637,262,2306,493,2431,1487,562,1550
1749.jpg,1700,112,2631,425,1831,1781,762,1262
1751.jpg,712,825,2118,237,2637,843,1181,1706
1754.jpg,1137,243,2081,112,2506,1493,1212,1756
1755.jpg,637,687,2731,937,1956,1793,637,687
1757.jpg,687,456,2581,387,2731,1606,612,1668
1759.jpg,937,356,2806,287,2981,1418,812,1493
1760.jpg,956,262,2731,543,2550,1656,512,1212
1762.jpg,1662,12,2331,431,1987,1631,1187,1287
1763.jpg,1581,187,2456,356,2131,1756,1112,1506
1764.jpg,900,187,2668,256,2787,1337,868,1406
1767.jpg,787,650,2906,912,2187,1725,787,650
1769.jpg,1006,587,2518,587,2656,1381,837,1450
177.jpg,1262,912,3281,1181,3281,1181,1612,1756
1770.jpg,1775,162,2706,481,1943,1793,812,1312
1771.jpg,487,762,3006,718,2518,1793,487,762
1772.jpg,1381,262,2331,262,2581,1631,1187,1675
1774.jpg,3287,237,3993,437,3993,1156,3287,1156
1777.jpg,362,231,2412,250,2481,1493,412,1556
178.jpg,1137,693,3406,931,2837,1756,1137,693
1780.jpg,981,387,2756,387,2931,1393,787,1393
1782.jpg,1450,387,2268,387,2456,1631,1362,1668
1783.jpg,862,162,2575,218,2756,1262,862,1287
1784.jpg,887,306,2618,237,2656,1218,1025,1381
1785.jpg,543,187,2137,618,2406,1506,487,1268
1786.jpg,637,343,2856,237,3131,1543,412,1643
1787.jpg,562,812,2631,775,2631,775,1043,1731
1788.jpg,587,112,2631,112,2618,1362,706,1431
179.jpg,1893,237,2931,462,2787,1793,1287,1456
1790.jpg,1068,262,2881,643,2587,1731,462,1006
1792.jpg,868,306,2731,112,2681,1581,612,1475
1793.jpg,787,825,2293,387,2756,1006,1062,1756
1794.jpg,937,893,2325,387,2818,1012,1318,1756
1795.jpg,1075,312,2781,687,2531,1781,562,1100
1797.jpg,687,675,2275,262,2756,912,981,1631
1798.jpg,1337,262,2243,262,2318,1612,1112,1600
1799.jpg,687,925,2731,706,2731,706,1287,1675
18.jpg,512,781,2731,637,2512,1612,662,1793
180.jpg,1406,312,3068,525,3381,1400,1137,1137
1800.jpg,1100,212,2843,706,2537,1781,537,975
1801.jpg,1762,137,2743,37,2718,1793,1762,1681
1802.jpg,1137,350,3256,212,3225,1731,1137,1543
1804.jpg,1212,412,3156,337,3112,1712,1212,1518
1805.jpg,1487,62,3331,637,2887,1793,1187,1118
1806.jpg,1475,62,3256,656,2812,1793,1137,1093
1807.jpg,1156,12,2431,937,1956,1725,562,856
1808.jpg,956,362,2731,393,3056,1412,762,1431
1809.jpg,587,918,2162,187,2556,1093,1137,1793
181.jpg,1600,387,2543,455,2956,1743,1537,1737
1811.jpg,1181,212,3350,212,3431,1631,1087,1587
1812.jpg,1081,462,2868,12,2862,1706,912,1668
1813.jpg,862,612,2743,537,2856,1656,862,1768
1815.jpg,1250,62,3356,650,2950,1793,1012,1193
1816.jpg,1462,37,3281,787,2762,1793,1162,1037
1819.jpg,881,175,3175,112,3731,1437,856,1681
182.jpg,1693,337,2656,512,2756,1793,1312,1650
1821.jpg,1543,162,2600,162,2881,1712,1212,1675
1822.jpg,1525,12,2593,12,2731,1706,1337,1706
1823.jpg,737,568,2456,112,2881,1062,1100,1731
1829.jpg,587,131,3025,62,3106,1575,587,1625
1832.jpg,687,200,2981,112,3143,1487,768,1681
1833.jpg,1262,62,2331,106,2243,1793,1162,1743
1834.jpg,1362,112,3206,450,2843,1793,1062,1206
1835.jpg,1168,137,3287,137,3412,1556,912,1443
1836.jpg,937,750,2593,12,3281,718,1531,1793
1837.jpg,812,287,3256,325,2931,1412,1150,1456
1838.jpg,1937,37,3031,37,2981,1743,1912,1700
1839.jpg,1712,12,2825,12,2856,1743,1712,1700
1840.jpg,1087,318,3112,237,3481,1325,812,1543
1847.jpg,1668,12,2743,12,2968,1793,1700,1793
185.jpg,1106,387,2787,712,2956,1775,612,1181
1851.jpg,1637,12,2706,12,2618,1781,1587,1681
1852.jpg,912,206,3037,112,3181,1393,912,1531
1853.jpg,987,337,3381,137,3250,1362,1281,1362
1854.jpg,1012,462,3068,87,3212,1612,1012,1637
1855.jpg,1012,543,3506,262,3262,1493,1356,1556
1856.jpg,1787,312,2631,375,2581,1637,1787,1550
1857.jpg,1368,12,2431,12,2331,1781,1162,1693
1858.jpg,1625,12,3131,225,2506,1756,1537,1500
1861.jpg,1737,12,3081,12,3043,1793,1825,1793
1862.jpg,2131,12,3325,193,2843,1793,1662,1612
1863.jpg,37,12,1262,12,1275,1793,37,1793
1864.jpg,1431,443,3518,137,3612,1793,1362,1693
1865.jpg,1337,456,3231,12,3331,1631,1212,1656
1866.jpg,637,87,3331,87,3187,1600,881,1781
1869.jpg,481,12,3743,12,3756,1793,412,1793
1870.jpg,1587,350,2293,12,2531,1437,1587,1687
1872.jpg,1318,362,2881,593,3281,1381,1237,1206
1873.jpg,737,662,3381,812,3081,1587,1162,1525
1874.jpg,1412,37,2475,37,2512,1687,1475,1687
1879.jpg,1450,12,2631,12,2500,1793,1387,1793
188.jpg,1356,312,2368,312,2706,1793,1137,1793
1880.jpg,1937,237,3993,137,3993,1481,2012,1406
1881.jpg,1087,618,3831,531,3743,1793,1300,1793
1882.jpg,1518,81,3837,12,3956,1331,1387,1318
1883.jpg,1456,187,2543,12,2831,1668,1287,1793
1885.jpg,587,525,2575,62,3206,881,962,1793
1886.jpg,1487,437,3331,262,3275,1793,1487,1525
1890.jpg,662,12,3625,12,3606,1731,737,1793
1891.jpg,862,87,3368,37,3356,1575,931,1587
1895.jpg,1262,175,3456,37,3368,1793,1262,1418
1896.jpg,1431,12,2600,12,3006,1675,1312,1793
1897.jpg,662,62,2775,231,2987,1462,775,1781
19.jpg,887,831,2931,800,2931,800,887,831
1900.jpg,1162,12,3268,12,3531,1343,1375,1781
1901.jpg,987,618,2656,37,3006,1218,1162,1706
1902.jpg,2150,12,3131,381,2012,1793,1062,1118
1903.jpg,1650,12,2806,12,2743,1793,1612,1743
1904.jpg,743,237,2787,237,2956,1512,612,1581
1905.jpg,512,193,3062,87,3456,1581,287,1781
1906.jpg,737,250,2950,162,3037,1587,687,1637
1907.jpg,512,312,2768,112,3331,1181,631,1793
1908.jpg,1393,37,2781,918,2200,1793,737,787
1909.jpg,837,281,2631,212,2675,1331,631,1331
191.jpg,1512,1731,2725,1437,2925,1781,1512,1731
1911.jpg,1137,187,3143,518,2931,1781,512,1056
1914.jpg,881,256,3125,137,3162,1693,812,1587
1915.jpg,1000,137,3225,437,3243,1793,412,1256
1916.jpg,1537,12,2612,12,2581,1756,1537,1700
1920.jpg,1587,12,2868,12,2931,1793,1762,1793
1921.jpg,1312,12,1625,12,1562,231,1518,237
1922.jpg,1412,162,2475,62,2656,1643,1643,1793
1923.jpg,1162,325,3431,62,3475,1793,1231,1606
1924.jpg,1262,12,2412,12,2581,1668,1450,1793
1925.jpg,1412,81,3818,12,3712,1781,1287,1406
1926.jpg,1187,125,2218,12,2381,1737,1356,1793
1927.jpg,1575,12,2575,12,2250,1793,1287,1562
1929.jpg,1312,506,3393,12,3706,1412,1312,1731
193.jpg,1312,418,2168,112,3225,1231,2306,1793
1930.jpg,1687,87,2737,12,2906,1793,1737,1793
1931.jpg,837,262,3331,112,3412,1700,900,1737
1933.jpg,1762,100,2781,12,2781,1793,1662,1793
1938.jpg,1112,312,3368,87,3431,1637,1181,1612
1939.jpg,1537,150,2475,37,2506,1731,1537,1643
1940.jpg,1537,12,2568,12,2681,1793,1737,1687
1942.jpg,887,312,2962,312,2912,1556,1156,1362
1944.jpg,987,268,3381,237,3337,1793,1006,1643
1945.jpg,1093,168,3475,37,3568,1781,687,1587
1946.jpg,1837,12,2881,12,2837,1793,1637,1793
1947.jpg,1487,475,2893,412,2956,1287,1518,1356
1948.jpg,1406,287,3743,62,3931,1706,1112,1625
1949.jpg,1506,187,3550,87,3406,1793,1362,1400
195.jpg,1556,575,3118,487,3281,1462,1412,1518
1950.jpg,812,143,3718,12,3831,1781,612,1781
1951.jpg,1881,312,2956,687,2650,1418,1687,987
1952.jpg,1168,387,2981,662,2818,1793,712,1350
1953.jpg,1200,437,2700,437,2831,1356,1137,1412
1955.jpg,1012,737,3231,668,3231,668,1656,1625
1956.jpg,2112,37,3156,581,2200,1656,1387,1393
196.jpg,1631,262,3012,893,2550,1793,1112,993
1960.jpg,937,600,2700,287,2956,1331,1168,1781
1962.jpg,1787,68,2768,12,2806,1793,1787,1687
1964.jpg,1125,268,3281,162,3231,1581,562,1437
1965.jpg,1200,12,2506,131,2225,1793,1012,1781
1969.jpg,1237,275,3425,137,3718,1487,962,1512
1970.jpg,1062,1118,3231,425,2187,1793,1062,1118
1973.jpg,1875,0,2931,62,2518,1793,1562,1543
1974.jpg,1437,256,2375,12,2731,1793,1631,1793
1976.jpg,1693,12,2612,12,2712,1793,1668,1712
1978.jpg,2143,125,3006,12,2943,1793,2062,1675
1979.jpg,987,700,3931,825,3931,825,1081,1793
1980.jpg,1087,850,2650,37,3231,1150,1750,1656
1983.jpg,1287,12,2431,12,2368,1793,1212,1768
1984.jpg,1331,12,2456,193,2262,1793,912,1793
1989.jpg,837,156,3500,12,3612,1656,943,1781
1990.jpg,1412,12,2375,12,2481,1706,1312,1750
1991.jpg,868,37,3325,37,3706,1712,787,1793
1992.jpg,762,12,2787,231,2881,1468,762,1781
1993.jpg,1212,193,3456,12,3387,1793,1212,1493
1994.jpg,818,112,3062,112,3131,1587,712,1562
1995.jpg,1318,187,2831,12,2631,1706,1187,1312
1996.jpg,437,556,3550,1137,3550,1137,612,1793
1997.jpg,487,37,2706,318,2837,1606,437,1781
1998.jpg,1350,0,2531,0,2418,1793,1237,1793
1999.jpg,931,168,3131,12,3012,1781,812,1468
2.jpg,887,500,2468,337,2825,1112,1006,1493
20.jpg,862,437,2756,387,2881,1543,862,1668
201.jpg,1112,837,2518,137,3075,862,1556,1781
202.jpg,2293,262,3075,556,2493,1731,1662,1312
203.jpg,2037,212,3206,981,2606,1675,1537,787
204.jpg,1562,768,2793,237,3256,893,1950,1581
205.jpg,2006,137,3281,831,2756,1656,1487,800
207.jpg,1800,437,2581,506,2475,1731,1662,1643
208.jpg,1506,637,2831,981,2618,1793,1262,1425
21.jpg,812,725,2681,962,2031,1731,812,725
213.jpg,1287,512,3187,631,3431,1793,1012,1650
214.jpg,868,387,3225,387,3606,1793,537,1793
218.jpg,1337,500,2312,37,3131,1681,1837,1793
22.jpg,1118,262,2825,381,3031,1381,937,1300
221.jpg,1037,693,2725,412,3350,1106,1337,1700
223.jpg,1162,662,2168,412,3381,1662,1800,1793
228.jpg,1587,206,2618,112,3131,1643,1787,1793
229.jpg,2025,262,2931,450,2893,1793,1787,1687
23.jpg,1337,168,2243,112,2531,1525,1531,1731
231.jpg,762,625,2787,462,3331,1356,762,1793
234.jpg,1681,62,3231,881,2787,1781,1087,768
237.jpg,900,137,3006,243,3418,1481,712,1518
238.jpg,1312,512,3081,512,3131,1612,1312,1618
239.jpg,1787,112,2793,112,3306,1793,1931,1793
24.jpg,1462,887,2418,887,2431,1531,1462,1531
241.jpg,1887,437,2781,437,2856,1612,1887,1706
244.jpg,962,1050,2131,837,2281,1537,1081,1793
245.jpg,1712,362,2831,925,2462,1656,1362,1025
246.jpg,1100,162,3156,325,3006,1712,787,1368
247.jpg,862,506,2593,112,3218,831,1312,1656
248.jpg,1337,300,2212,212,2756,1437,1687,1693
249.jpg,887,518,2781,881,2362,1531,887,518
25.jpg,1612,1062,2406,1156,2337,1681,1537,1550
250.jpg,2368,500,3431,600,3431,600,2337,806
253.jpg,1256,312,3093,381,3156,1581,1137,1500
254.jpg,1112,618,3043,487,3156,1737,1143,1793
255.jpg,456,862,1306,862,1218,1331,362,1268
259.jpg,1137,587,2518,237,2881,987,1431,1506
26.jpg,737,712,2800,762,2800,762,1450,1706
260.jpg,1550,87,2750,937,2131,1700,962,718
261.jpg,887,556,2525,237,2906,1081,1062,1543
262.jpg,137,1662,1481,1012,1793,1981,418,2556
263.jpg,1306,37,2356,181,2206,1793,962,1718
264.jpg,887,956,2812,668,2812,668,1650,1793
267.jpg,1718,12,2731,168,2437,1793,1312,1550
269.jpg,1268,137,2931,537,2712,1606,887,1112
27.jpg,1537,693,2800,612,2856,1356,1612,1481
271.jpg,1525,112,2506,181,2412,1756,1262,1643
272.jpg,950,312,2606,537,2500,1531,662,1262
274.jpg,1237,318,2131,112,2781,1437,1681,1793
275.jpg,1362,200,2268,112,2681,1468,1581,1668
277.jpg,1775,87,3156,862,2612,1731,1187,731
278.jpg,1312,537,2781,137,3431,906,1968,1637
279.jpg,1387,12,2412,12,2868,1481,1650,1706
28.jpg,812,487,2587,462,3006,1275,812,1456
280.jpg,1362,562,3231,931,2556,1650,1362,562
281.jpg,987,862,2906,737,2906,737,1618,1731
282.jpg,1562,400,2406,162,3231,1337,2243,1781
283.jpg,1650,37,3331,612,3006,1631,1162,850
284.jpg,1462,137,2462,137,2531,1743,1462,1793
285.jpg,1162,406,2881,337,3406,1218,1400,1581
286.jpg,1675,112,2681,287,2362,1731,1087,1412
287.jpg,1212,268,2206,112,2943,1437,1743,1793
289.jpg,1568,87,3081,581,2731,1506,1112,843
29.jpg,1287,325,2187,287,2531,1543,1350,1731
290.jpg,887,550,2612,187,3250,987,1362,1781
292.jpg,781,500,3018,312,3756,1200,562,1793
293.jpg,1212,462,2837,506,3106,1431,1087,1412
294.jpg,1706,137,2631,381,2225,1731,1012,1337
299.jpg,212,337,2900,350,3025,1718,212,1793
3.jpg,662,650,2356,837,2356,837,1562,1556
30.jpg,1287,681,2643,362,3000,1062,1506,1481
300.jpg,887,393,2587,187,3106,1043,1325,1606
301.jpg,1725,287,3287,500,3168,1531,1462,1150
302.jpg,1631,87,2837,956,2137,1775,1012,743
306.jpg,1337,606,3325,112,3612,1606,1262,1793
307.jpg,1437,606,3206,937,3206,937,2425,1650
310.jpg,1368,862,2831,862,2993,1731,1212,1725
312.jpg,1750,237,2756,912,2187,1556,1287,750
315.jpg,681,37,3337,112,3500,1793,312,1687
316.jpg,1250,337,2806,531,2662,1581,937,1250
320.jpg,612,550,2837,262,2956,1793,762,1793
322.jpg,1050,162,2906,531,2593,1793,637,1281
325.jpg,1412,181,2381,87,2481,1793,1412,1793
326.jpg,1112,118,2168,37,2231,1006,1112,1043
327.jpg,1512,387,2250,387,2356,1656,1512,1756
328.jpg,1781,87,2731,87,2606,1793,1512,1662
329.jpg,1418,187,2681,912,2125,1756,912,912
330.jpg,1787,250,2668,112,2881,1618,1837,1693
331.jpg,1287,362,2187,287,2381,1706,1375,1793
332.jpg,1412,481,2262,312,2656,1681,1662,1793
333.jpg,1712,581,2462,362,2906,1606,2031,1793
338.jpg,1512,481,2262,187,2831,1387,2025,1731
339.jpg,1787,431,2543,237,2981,1400,2187,1681
340.jpg,2325,187,2906,656,2131,1681,1487,1093
342.jpg,1193,87,2687,668,2393,1568,862,1193
343.jpg,1350,362,2706,856,2343,1706,887,1062
345.jpg,1018,387,2781,662,2668,1793,737,1481
346.jpg,1287,612,3018,1043,2362,1731,2362,1731
348.jpg,568,1312,1556,1556,1193,3156,112,2881
352.jpg,1668,12,2856,100,2556,1675,1337,1750
353.jpg,1150,487,3662,487,3831,1793,1012,1793
354.jpg,1243,262,2831,325,2906,1337,1137,1268
355.jpg,1262,306,2212,87,2681,1606,1606,1793
356.jpg,1281,137,2656,875,2181,1743,762,956
358.jpg,3362,1262,3993,1137,3993,1793,3512,1793
36.jpg,1087,456,1968,62,2806,1187,1937,1756
360.jpg,262,1062,1750,962,1737,3431,331,3318
364.jpg,1481,387,2950,731,2831,1706,1212,1287
365.jpg,1062,718,2418,212,2837,925,1462,1593
367.jpg,1000,912,2475,1056,2468,1756,562,1525
368.jpg,512,1425,1575,1337,1793,2993,512,3062
369.jpg,362,1275,1606,1112,1793,3181,506,3356
370.jpg,12,1375,1712,937,1793,1893,143,2331
371.jpg,131,1543,1793,1412,1793,2337,12,2493
372.jpg,550,1162,1756,1950,1206,2731,87,1893
374.jpg,650,1062,1606,1362,993,2906,87,2506
376.jpg,3637,12,3993,12,3993,331,3637,93
377.jpg,1443,237,2906,825,2512,1781,987,1056
378.jpg,912,562,2625,262,2906,1262,1137,1687
379.jpg,1225,162,3006,712,2712,1781,612,900
380.jpg,1212,337,2831,462,3056,1393,1112,1356
382.jpg,3112,12,3993,12,3993,343,3112,12
386.jpg,537,575,2412,87,2687,1312,856,1756
387.jpg,875,87,3462,156,3981,1737,562,1762
389.jpg,1112,500,2406,212,2606,1025,1262,1331
39.jpg,1300,37,2725,831,2143,1731,662,718
390.jpg,1831,137,2681,475,2087,1793,1312,1443
395.jpg,1056,362,2756,556,2618,1631,937,1393
397.jpg,1487,187,2418,137,2656,1637,1625,1781
40.jpg,987,537,2956,1043,2956,1043,2168,1793
400.jpg,1387,206,2350,112,2731,1618,1600,1793
401.jpg,1218,62,2806,506,2506,1481,812,925
402.jpg,987,475,2731,237,3256,1056,1281,1681
404.jpg,812,368,2856,287,3381,1206,568,1525
405.jpg,806,262,3143,325,3168,1793,762,1793
406.jpg,1200,137,2631,975,2193,1781,487,1493
408.jpg,1062,312,2931,437,2793,1456,1062,1418
41.jpg,1325,87,2531,143,3056,1743,987,1725
410.jpg,1006,612,2831,687,2806,1793,937,1725
412.jpg,1037,593,2437,337,2656,1206,1168,1500
414.jpg,287,1168,1393,1112,1706,2887,137,2993
415.jpg,12,1312,1237,1456,1793,3156,12,3262
418.jpg,1662,625,2312,112,3231,1200,2531,1793
42.jpg,1062,750,2406,362,2831,1050,1300,1606
420.jpg,1031,462,2943,462,3331,1400,587,1231
425.jpg,1312,87,2781,893,2418,1793,737,956
429.jpg,1293,137,2806,587,2587,1531,962,1068
43.jpg,1987,987,2856,987,2856,1531,1987,1493
432.jpg,1562,362,2906,700,2756,1531,1312,1143
436.jpg,1087,587,2981,737,2950,1793,912,1781
438.jpg,412,2106,1431,1537,1793,2243,875,2931
439.jpg,718,1087,1781,1506,1162,3506,12,3143
440.jpg,862,787,1656,1231,806,2443,187,1900
441.jpg,506,737,1431,825,1025,2406,187,2175
442.jpg,706,987,1506,1187,987,2506,312,2212
443.jpg,637,987,1475,837,1793,2162,881,2356
444.jpg,331,787,1537,1137,1525,3193,162,3237
445.jpg,1187,581,2606,512,2681,1481,1312,1443
448.jpg,612,162,3031,525,2912,1631,387,1693
449.jpg,787,300,1743,187,2206,1537,1125,1793
45.jpg,1231,87,2681,400,2643,1206,962,862
451.jpg,1631,412,2231,550,2012,1481,1487,1418
452.jpg,0,12,93,12,0,581,0,581
455.jpg,237,1256,1075,1137,1181,2637,318,2656
456.jpg,625,1237,1556,1356,1225,2906,362,2656
457.jpg,731,1262,1656,1625,1012,3031,262,2618
458.jpg,937,1037,1581,1593,831,2781,62,2218
459.jpg,1068,1237,1068,1237,768,2906,87,2262
46.jpg,1162,212,2837,137,3106,1156,1225,1281
471.jpg,1381,612,2881,875,2712,1793,1212,1512
473.jpg,1462,362,2300,112,2781,1462,1856,1781
474.jpg,1112,762,2412,287,2856,937,1468,1606
475.jpg,1262,543,1975,237,2631,1237,1862,1681
476.jpg,125,12,481,12,325,206,281,206
478.jpg,1606,287,2931,837,2668,1668,1237,1062
480.jpg,1437,462,2556,781,2556,1556,1387,1587
483.jpg,62,1506,1175,1212,1706,3100,475,3406
484.jpg,1406,37,2325,37,2431,1506,1337,1537
485.jpg,1162,618,2643,312,2981,1131,1393,1581
486.jpg,1137,181,2037,112,2256,1531,1287,1706
487.jpg,12,12,581,12,656,437,12,568
489.jpg,12,12,350,12,406,437,12,531
49.jpg,1087,831,2550,737,2756,1662,1087,1737
490.jpg,1056,212,2812,281,2993,1381,912,1318
491.jpg,1387,243,2375,112,3106,1456,1768,1793
492.jpg,1062,656,3356,743,3356,743,1718,1706
494.jpg,1656,12,2581,368,2112,1793,1112,1581
495.jpg,1125,112,3006,568,2781,1731,837,1343
496.jpg,1237,650,2743,337,3012,1262,1387,1631
497.jpg,1062,537,2493,212,2684,1041,1306,1406
498.jpg,1037,512,2593,312,2731,1218,1206,1481
5.jpg,1412,262,2881,700,2425,1781,1012,1137
50.jpg,1637,218,3287,62,3343,1068,1800,1287
500.jpg,487,287,2831,187,2956,1612,593,1781
501.jpg,2124,729,3561,158,3359,3460,1575,3150
502.jpg,1401,2290,4082,1654,4082,1654,1734,3460
503.jpg,505,838,3561,736,3670,2781,303,2702
504.jpg,1365,1423,3345,997,3590,2174,1025,2550
505.jpg,1459,14,3908,982,3258,2232,1459,1257
506.jpg,1842,1394,4111,245,4544,2030,1603,2694
507.jpg,2391,130,3735,1177,1914,3323,708,2203
509.jpg,419,1596,3005,130,3908,1654,1553,3323
510.jpg,2326,14,4428,1445,4428,1445,2637,3157
511.jpg,1943,859,3041,216,2796,3337,1546,3193
512.jpg,1777,419,3272,14,3446,2861,1777,2788
514.jpg,1762,657,3193,130,3301,3337,1603,3128
515.jpg,968,1062,2420,303,3619,2492,2261,3301
516.jpg,953,736,3330,1069,3077,2384,932,2666
517.jpg,708,1430,3287,361,4111,1929,881,3070
518.jpg,1387,794,4024,881,3952,2752,765,2138
519.jpg,1885,332,3215,787,2355,2926,1054,2355
520.jpg,563,1343,2535,650,2940,1856,997,2557
521.jpg,1401,216,3735,1184,3121,2608,852,1668
522.jpg,1112,1351,2312,245,3822,2203,2731,3157
523.jpg,2738,476,3822,1365,2391,3186,1314,2210
524.jpg,823,1177,1936,158,3533,2268,2203,3186
525.jpg,708,1965,2586,621,1741,3244,1741,3244
526.jpg,1228,1119,2405,245,3793,2268,2535,3128
527.jpg,1647,1184,3995,859,3829,3099,1401,2608
528.jpg,1849,469,3070,361,2731,2897,1517,2564
529.jpg,1112,1192,3655,158,4284,2181,1300,2810
53.jpg,1400,12,2918,968,2456,1793,762,1175
530.jpg,1777,1459,3757,563,4168,2102,1777,2629
531.jpg,1510,361,4082,1885,3048,3460,708,1929
533.jpg,2066,303,2066,303,3475,1871,2203,3034
534.jpg,462,1177,3309,14,4139,1820,101,3012
535.jpg,989,1654,3215,592,3879,2124,794,3157
536.jpg,1498,1354,3793,361,4371,2015,1314,2752
537.jpg,1040,332,2955,1712,1943,2983,158,1466
538.jpg,1481,332,3041,527,2926,2933,1401,3020
539.jpg,1098,1473,3251,1170,3764,2218,852,2752
54.jpg,1168,87,2081,300,2206,1700,1087,1700
540.jpg,1127,361,4082,1524,3511,3186,447,2340
541.jpg,1307,1596,3829,1083,4313,2427,621,2933
542.jpg,2601,614,3908,361,3020,3417,2008,2796
543.jpg,910,758,3836,361,4241,2210,910,2579
544.jpg,1112,1502,3251,563,3793,2492,1264,2998
545.jpg,1806,736,3937,1343,2955,3402,1286,2066
546.jpg,2564,447,3793,1553,2637,3012,2637,3012
547.jpg,2044,765,3879,1538,2738,3388,2738,3388
548.jpg,2080,419,3525,419,3518,2926,2008,2853
549.jpg,2203,679,3850,1538,2615,3301,2615,3301
55.jpg,1387,293,2275,87,3056,1306,2075,1731
550.jpg,2189,794,4053,1611,3063,3460,3063,3460
551.jpg,1488,1394,3619,534,4284,1892,1849,2752
552.jpg,1661,1488,3626,765,4284,1835,1871,2694
553.jpg,1632,397,3453,332,3468,3171,1820,3272
554.jpg,1365,476,3359,2023,2362,3222,563,1734
555.jpg,1401,1336,3829,794,3988,3012,1286,2846
556.jpg,1994,621,3937,1835,2673,3410,2673,3410
557.jpg,2160,693,3598,245,3504,3417,2066,3027
558.jpg,1994,708,3735,1683,2492,3301,2492,3301
559.jpg,939,1343,3164,939,3590,2239,1112,2731
56.jpg,1475,112,2356,343,1825,1681,737,1306
560.jpg,1907,1452,3872,390,4111,1972,1488,2723
561.jpg,2369,881,4342,1127,3475,3099,1864,2051
562.jpg,1141,881,2333,158,3793,2225,2521,3157
563.jpg,968,1719,2933,361,3793,1719,1437,2955
564.jpg,1466,1257,3677,621,3959,2239,1257,2572
565.jpg,1690,1351,2579,534,3908,2442,2434,3381
566.jpg,2254,765,4255,1358,3316,3157,1719,1943
567.jpg,1199,1264,3496,216,4082,2073,1293,2781
568.jpg,2037,1286,2904,621,3764,2138,2463,2868
569.jpg,1647,823,3995,1459,3590,2926,1257,2297
57.jpg,1087,437,2800,312,3181,1168,1168,1531
570.jpg,2131,505,3879,1603,2846,2983,2846,2983
571.jpg,1799,621,4400,859,3496,3330,1199,2059
572.jpg,765,1820,3070,708,3966,2037,1271,3417
573.jpg,332,1676,2832,650,3424,2377,758,3359
575.jpg,2499,245,2499,245,1668,3460,505,2377
576.jpg,736,1076,1929,390,3070,2550,1654,3301
577.jpg,1336,447,4053,1112,3135,3287,736,1965
578.jpg,2051,158,4371,1177,2796,3345,2796,3345
58.jpg,1162,537,2456,187,2881,818,1500,1356
581.jpg,1445,332,3728,1791,2788,3215,592,1755
582.jpg,2008,1488,3800,534,4053,2283,1835,2694
583.jpg,1401,1712,3309,390,4082,1661,1517,2976
584.jpg,796,298,2714,623,3039,1680,487,1381
585.jpg,1531,1705,3330,679,3677,2109,1286,2926
586.jpg,1885,1481,3793,476,4284,1799,1719,2694
587.jpg,421,170,1488,600,2227,2577,560,2478
589.jpg,1083,679,2514,216,3244,2709,1473,3157
59.jpg,1212,12,2456,12,2256,1756,812,1562
591.jpg,1921,1199,2962,274,4342,2066,2326,3359
594.jpg,1249,1365,3829,1054,4400,2355,621,2694
595.jpg,1596,1351,3778,736,4168,1986,1257,2521
597.jpg,1892,1300,2767,563,3648,2449,2290,3186
598.jpg,1560,1640,3720,823,4313,2138,1372,2983
599.jpg,1654,1524,3742,1025,4255,1892,1372,2550
6.jpg,956,437,2650,437,2856,1262,737,1331
60.jpg,1487,681,2943,112,3581,887,2093,1737
601.jpg,1690,686,3164,245,4139,2694,2174,3171
602.jpg,1950,1105,3504,910,3764,3460,2283,3460
603.jpg,2348,476,3706,982,3179,3244,1690,2868
605.jpg,1199,686,4371,14,4400,2752,1271,2391
606.jpg,2333,72,2333,72,4111,2102,2745,3099
607.jpg,447,426,2340,274,2449,3251,816,3446
61.jpg,987,587,2468,162,3006,893,1425,1581
611.jpg,2897,14,4371,1054,2492,3236,2492,3236
612.jpg,1517,664,3186,534,3215,3244,1719,3330
613.jpg,1329,917,4436,736,4573,3063,708,2557
614.jpg,534,339,2348,130,2557,3056,859,3330
616.jpg,1372,1835,3200,361,4284,1864,1936,3215
621.jpg,2268,216,3822,0,3937,3272,2485,3099
622.jpg,2037,888,3077,0,4082,2456,2340,3128
623.jpg,2095,231,3655,14,3648,3244,2210,2998
626.jpg,151,14,787,36,686,238,151,14
63.jpg,768,287,2768,506,2937,1725,756,1793
631.jpg,1488,332,3113,332,3128,3048,1683,3085
633.jpg,1950,570,3301,303,3345,3215,2008,2955
636.jpg,3077,101,4428,1416,4428,1416,2203,3272
637.jpg,1314,151,3280,43,3316,3258,1394,3236
64.jpg,1243,112,3075,481,2956,1681,837,1162
640.jpg,1661,1278,2637,765,3699,2268,2463,2926
641.jpg,1712,267,3504,14,3590,3460,1632,3251
644.jpg,2709,274,4168,1293,2312,3460,2312,3460
647.jpg,1777,166,3829,14,3872,3446,1943,3179
655.jpg,1372,874,4233,274,4248,2969,1372,2507
656.jpg,1314,1618,3424,303,4342,2015,1827,3041
657.jpg,1791,765,4197,1603,3540,3099,1372,2116
66.jpg,1212,512,2743,512,2931,1331,1012,1293
661.jpg,0,0,101,0,122,946,0,1040
665.jpg,794,361,2731,130,2998,3215,1098,3345
669.jpg,1437,715,4168,621,3894,2839,1343,2232
671.jpg,1141,1488,3554,245,4400,2153,1596,3027
673.jpg,2268,180,4472,14,4356,3388,2348,3157
674.jpg,1661,1416,3634,274,4400,2008,2095,2723
680.jpg,1314,729,3092,563,3323,3460,1473,3301
685.jpg,2001,708,4371,1271,3648,3193,1661,2051
686.jpg,881,1719,3330,43,4515,2001,1603,3316
687.jpg,1806,765,4428,281,4284,2723,1806,2239
689.jpg,2095,708,3540,130,4400,2622,2304,2983
691.jpg,2918,14,4428,1517,4428,1517,1885,3460
692.jpg,2297,303,4233,419,4255,3366,2268,3460
696.jpg,2124,252,4335,130,4233,3460,2246,3460
698.jpg,1228,968,2442,419,3301,2456,2059,2955
70.jpg,1187,493,2731,387,3156,1187,1450,1531
700.jpg,997,1762,3193,130,4371,1972,1719,3272
702.jpg,1690,816,3352,679,3439,3381,1856,3460
703.jpg,1705,390,4053,1827,3020,3258,939,1755
704.jpg,2377,72,4226,867,2673,3460,1257,2572
709.jpg,2528,187,4602,252,4269,3417,2239,3244
715.jpg,2622,101,3995,1163,2196,3446,881,2261
717.jpg,2023,216,3677,643,2983,3215,1401,2817
718.jpg,0,14,101,14,0,1221,0,1221
720.jpg,1965,130,3648,838,2384,3446,823,2658
721.jpg,1141,2088,3063,361,4342,1965,1842,3460
722.jpg,1286,1864,3041,158,4284,1546,2008,3200
726.jpg,910,1791,2962,158,4082,1820,1596,3244
731.jpg,2940,72,4226,1286,4226,1286,2037,3287
737.jpg,72,14,845,50,744,267,72,14
739.jpg,1979,14,1979,14,3937,2369,2434,3345
740.jpg,1517,686,3142,0,4082,3135,2261,3388
741.jpg,2001,14,4197,1683,3041,2983,1141,1336
742.jpg,1994,158,3793,628,3012,3215,1286,2897
743.jpg,1286,722,4219,303,4204,2608,1286,2290
744.jpg,2319,14,4400,2030,4400,2030,2955,3186
747.jpg,1979,447,3374,14,3995,2391,2398,2694
748.jpg,2073,195,3735,158,3504,3294,1517,2882
749.jpg,1560,130,3417,310,2890,3128,1401,2853
750.jpg,1784,274,3605,419,2969,3460,1112,3106
751.jpg,2991,216,4544,982,2167,3410,2167,3410
752.jpg,2080,447,3475,1018,2340,3294,997,2564
754.jpg,2304,274,3850,830,2969,3157,1430,2694
755.jpg,1777,614,3251,390,3590,3092,1979,3106
756.jpg,1228,1892,2969,303,4082,1603,2059,3085
757.jpg,2210,122,4096,14,4197,2998,2312,3085
76.jpg,1437,450,3287,237,3381,1331,1581,1556
762.jpg,2788,43,4342,1423,4342,1423,2059,3460
768.jpg,2658,130,4053,1452,4053,1452,1929,3388
771.jpg,440,614,4479,216,4428,3272,476,2890
772.jpg,1950,433,3677,187,3822,3193,2044,3121
774.jpg,2362,563,2362,563,3966,2232,2803,3179
776.jpg,1546,433,3085,0,3070,3323,1734,3077
778.jpg,1632,895,3142,736,3446,3287,1632,3381
779.jpg,1228,72,3070,72,3099,2817,1351,3070
781.jpg,1762,158,3533,14,2709,3381,823,2832
784.jpg,1632,1459,3106,130,4313,1488,2015,3186
786.jpg,852,108,2817,14,3417,3048,1221,3460
787.jpg,1690,101,4486,1553,3251,3330,1054,1668
788.jpg,1372,245,3113,245,3121,3077,1416,3121
789.jpg,1560,332,3099,426,3041,2759,1596,2752
790.jpg,1459,838,2882,390,3691,2788,2138,3330
791.jpg,1517,657,3128,476,3041,3301,1589,3048
795.jpg,1148,245,3005,245,3020,3244,1184,3258
797.jpg,1690,455,3352,0,4111,2882,2283,3128
798.jpg,1372,556,2991,0,3648,3041,1929,3179
8.jpg,1012,550,2900,575,3056,1731,1012,1793
800.jpg,1488,397,3280,130,3229,3359,1596,3020
801.jpg,1054,1249,3540,216,4168,2196,1459,2781
802.jpg,2767,0,4139,1293,2225,3388,881,2377
803.jpg,794,1307,3576,14,4400,2153,1452,3041
805.jpg,852,2080,3092,43,4313,1466,2073,3446
806.jpg,1827,14,3706,599,2579,3388,1083,2947
807.jpg,1632,910,4342,447,4298,2810,1632,2427
809.jpg,1806,578,3352,274,3908,2817,2102,3157
810.jpg,1719,838,2969,0,4342,2535,2759,3092
814.jpg,2095,187,3424,447,3388,2731,2095,2918
815.jpg,1950,144,3915,43,4024,3251,2239,3280
818.jpg,1343,556,2991,476,3128,3005,1452,3113
819.jpg,1791,72,3764,498,3056,3460,1228,2947
82.jpg,1418,712,2900,1037,2825,1793,987,1387
821.jpg,1127,274,2839,354,2702,3005,1054,2983
824.jpg,1734,447,3301,628,2962,3070,1517,2810
827.jpg,2015,14,3966,440,3272,3460,1343,3041
829.jpg,1690,332,3366,158,3395,2955,1791,2824
83.jpg,731,462,2918,462,3331,1725,487,1793
830.jpg,1459,0,4082,50,3561,3316,1661,3272
833.jpg,2420,14,2420,14,4284,2326,2738,3265
838.jpg,2138,332,3706,722,3222,3330,1575,2998
84.jpg,1225,262,2293,262,2806,1793,1187,1793
840.jpg,1603,932,2940,187,4082,2666,2550,3171
841.jpg,1632,635,3207,447,3590,3041,1813,3215
845.jpg,2586,158,4024,1192,2261,3446,968,2340
846.jpg,1719,469,3171,390,3244,2579,1799,2644
849.jpg,1799,14,3937,209,3316,3460,1372,3179
85.jpg,1125,437,2962,587,3306,1618,887,1475
851.jpg,2095,390,3684,549,3706,3229,1892,3135
852.jpg,1719,332,3186,332,3280,2723,1762,2759
855.jpg,2868,43,4313,1322,4313,1322,2153,3345
858.jpg,1741,397,3280,216,3482,2890,1762,2955
86.jpg,731,531,2650,437,3075,1362,718,1681
860.jpg,1401,924,2759,101,4400,2203,2586,3381
863.jpg,1372,440,3106,332,3085,3186,1445,3106
864.jpg,2312,419,4313,1849,3164,3121,3164,3121
865.jpg,2405,1025,3626,852,3764,2781,2355,2882
866.jpg,2239,158,3995,585,2781,3446,1170,2709
867.jpg,1690,1343,3944,476,4486,2109,2037,2666
868.jpg,1141,794,2507,130,3648,2514,2030,3186
87.jpg,1618,262,2581,431,2756,1793,1287,1606
872.jpg,1661,679,2803,679,2868,2369,1712,2507
873.jpg,1112,1365,2218,419,3735,2297,2485,3345
874.jpg,1618,274,3439,382,3468,3446,1517,3323
875.jpg,2745,216,4024,1358,2124,3330,2124,3330
877.jpg,852,1170,2181,14,4111,2189,2702,3417
878.jpg,1466,881,4024,982,3829,2723,1372,2304
879.jpg,1546,1054,2608,390,3619,2615,2268,3070
881.jpg,2442,563,3713,628,3663,2702,2442,2781
882.jpg,2246,1083,3345,1199,3179,2983,2066,2832
883.jpg,2275,592,3460,592,3475,2608,2210,2507
884.jpg,2037,643,3518,476,3482,3041,2037,2839
885.jpg,2008,332,4226,1777,3034,3186,1372,1603
886.jpg,2037,939,3330,939,3077,3157,1777,2882
887.jpg,2088,419,4226,2066,2962,3417,2962,3417
889.jpg,1835,895,3027,216,3908,2680,2391,3041
892.jpg,852,1979,4168,1394,4168,1394,2015,3417
893.jpg,1994,946,4176,881,4053,2507,1921,2181
894.jpg,1661,332,3157,845,2268,3352,736,2781
896.jpg,2044,419,3937,2102,3937,2102,1054,1582
899.jpg,2073,332,3561,657,3402,3020,1979,3171
9.jpg,1012,625,2931,993,2931,993,2106,1743
900.jpg,1603,505,3265,390,3215,3157,1647,3012
901.jpg,1546,700,3113,361,3720,3135,1770,3417
903.jpg,1871,303,3561,375,3468,2991,1806,2853
904.jpg,1293,765,3937,1293,3359,3215,1025,2268
906.jpg,1025,1676,3511,361,4428,2362,1611,3301
907.jpg,910,1762,3171,0,4486,1741,1690,3374
908.jpg,2528,245,3879,1300,2189,3244,2189,3244
909.jpg,2246,274,3764,997,2564,3446,1054,2680
91.jpg,1537,262,3481,606,3331,1793,1287,1443
910.jpg,1806,440,3482,158,3475,3265,1864,2983
911.jpg,361,3207,1314,3106,1445,3439,361,3460
914.jpg,1141,1329,2326,158,4168,2181,2853,3330
915.jpg,2138,130,3966,1748,3323,2897,1257,1582
917.jpg,1286,939,2731,187,4024,2803,2232,3460
919.jpg,1054,1589,3272,43,4284,1647,1856,3128
92.jpg,1218,250,3006,112,3056,1275,987,1287
923.jpg,794,1929,2976,0,4342,1603,1683,3446
924.jpg,1286,1018,2622,303,4024,2579,2124,3359
927.jpg,2449,14,2449,14,4255,1885,2911,2853
929.jpg,968,1473,2615,245,3446,1972,1228,3012
93.jpg,1087,500,2850,62,3206,1062,1087,1487
931.jpg,1661,187,3561,534,3070,3359,1314,3157
933.jpg,997,1199,2246,187,4082,2239,2572,3460
935.jpg,910,1076,2268,158,3937,2528,2145,3388
936.jpg,1430,758,2868,216,3793,2759,2138,3215
938.jpg,1907,14,4428,1770,2998,3316,1112,1430
941.jpg,1546,158,3417,419,2933,3345,1170,3063
942.jpg,1054,1611,3128,245,4082,2008,1546,3070
948.jpg,874,101,2890,101,3012,3309,903,3366
952.jpg,1784,130,4616,1553,3504,3446,1083,1748
953.jpg,997,281,2839,130,2861,3258,997,3135
954.jpg,794,260,2507,130,2666,2940,939,3020
955.jpg,1141,744,2637,130,3561,2759,1929,3215
956.jpg,1994,476,3590,664,2731,3460,1112,2926
958.jpg,2955,130,4313,1423,4313,1423,2138,3301
959.jpg,2492,158,4082,989,2796,3460,1025,2637
961.jpg,1372,874,2991,361,3952,3121,1994,3460
964.jpg,1546,1011,2926,592,3677,2890,2131,3301
968.jpg,1632,686,3099,130,3735,2983,2023,3186
97.jpg,712,900,2156,762,2281,1606,775,1793
971.jpg,1054,1632,3070,14,4197,1697,1770,3070
972.jpg,1878,599,3272,447,3359,2853,1806,2810
976.jpg,1416,419,3070,498,2962,2969,1452,2788
977.jpg,1813,14,3735,578,2622,3460,823,2702
978.jpg,736,1148,2131,158,3764,2557,2246,3460
98.jpg,1612,962,3250,662,3556,1712,1693,1793
981.jpg,2167,303,3706,520,3735,3135,2225,3417
982.jpg,2998,0,4457,1351,4457,1351,2145,3388
984.jpg,1228,924,2572,303,3533,2615,2023,3215
985.jpg,1314,1047,2774,245,4226,2759,2413,3460
986.jpg,2116,158,3822,801,3012,3460,1083,3005
987.jpg,2738,72,4573,845,3128,3446,1401,2615
988.jpg,1314,426,2875,216,3229,2702,1654,2983
989.jpg,1286,455,3229,0,3937,3460,1437,3460
99.jpg,1150,418,2962,312,3056,1412,762,1412
991.jpg,1719,245,3106,491,3034,2731,1719,2897
992.jpg,1488,599,3121,130,3822,3034,1589,3388
994.jpg,823,895,2405,187,3764,2788,1914,3460
996.jpg,1842,43,3619,787,2275,3388,794,2781
998.jpg,1647,101,3504,606,2716,3460,910,3106
999.jpg,1054,0,3200,0,3244,3460,1069,3460
